-- phpMyAdmin SQL Dump
-- version 5.1.3
-- https://www.phpmyadmin.net/
--
-- Host: 127.0.0.1
-- Generation Time: Nov 28, 2024 at 08:14 AM
-- Server version: 10.4.24-MariaDB
-- PHP Version: 7.4.29

SET SQL_MODE = "NO_AUTO_VALUE_ON_ZERO";
START TRANSACTION;
SET time_zone = "+00:00";


/*!40101 SET @OLD_CHARACTER_SET_CLIENT=@@CHARACTER_SET_CLIENT */;
/*!40101 SET @OLD_CHARACTER_SET_RESULTS=@@CHARACTER_SET_RESULTS */;
/*!40101 SET @OLD_COLLATION_CONNECTION=@@COLLATION_CONNECTION */;
/*!40101 SET NAMES utf8mb4 */;

--
-- Database: `ilib`
--

-- --------------------------------------------------------

--
-- Table structure for table `books`
--

CREATE TABLE `books` (
  `id` varchar(20) NOT NULL,
  `title` varchar(255) NOT NULL,
  `date` varchar(255) NOT NULL,
  `author` varchar(255) NOT NULL,
  `category` varchar(255) NOT NULL,
  `edit` varchar(255) NOT NULL,
  `lang` varchar(255) NOT NULL,
  `pages` varchar(255) NOT NULL,
  `description` varchar(255) NOT NULL,
  `ejemplares` varchar(255) NOT NULL,
  `stock` int(11) NOT NULL,
  `available` int(11) NOT NULL
) ENGINE=InnoDB DEFAULT CHARSET=utf8;

--
-- Dumping data for table `books`
--

INSERT INTO `books` (`id`, `title`, `date`, `author`, `category`, `edit`, `lang`, `pages`, `description`, `ejemplares`, `stock`, `available`) VALUES
('978-607-07-3696-9', 'Pedro Páramo', '1955-03-19', 'Juan Rulfo', 'Novela', '1ra Edición', 'Español', '124', 'Una historia de realismo mágico en Comala.', '5', 5, 1),
('978-607-31-8058-5', 'Como Agua Para Chocolate', '1989-09-01', 'Laura Esquivel', 'Novela', '1ra Edición', 'Español', '256', 'Una historia de amor y gastronomía mexicana.', '8', 8, 1),
('978-607-31-8074-5', 'El Alquimista', '1988-04-25', 'Paulo Coelho', 'Novela', '2da Edición', 'Español', '208', 'Un viaje de autodescubrimiento.', '8', 8, 1),
('978-84-204-8243-6', 'Don Quijote de la Mancha', '1605-01-16', 'Miguel de Cervantes', 'Clásico', 'Edición Completa', 'Español', '1344', 'La novela más destacada de la literatura española.', '12', 12, 1),
('978-84-376-0494-7', 'La Casa de los Espíritus', '1982-10-12', 'Isabel Allende', 'Novela', '1ra Edición', 'Español', '368', 'Una saga familiar en el contexto del realismo mágico.', '7', 7, 1),
('978-84-663-3242-0', 'El Amor en los Tiempos del Cólera', '1985-10-15', 'Gabriel García Márquez', 'Novela', '2da Edición', 'Español', '464', 'Una historia de amor que desafía el tiempo.', '9', 9, 1),
('978-84-663-5047-9', 'La Sombra del Viento', '2001-06-01', 'Carlos Ruiz Zafón', 'Novela', '5ta Edición', 'Español', '576', 'Misterio en la Barcelona de posguerra.', '6', 6, 1),
('978-84-670-3989-2', 'Cien Años de Soledad', '1967-05-30', 'Gabriel García Márquez', 'Novela', '1ra Edición', 'Español', '417', 'Una de las obras más importantes de la literatura latinoamericana.', '10', 10, 1),
('978-950-07-1879-1', 'Ficciones', '1944-09-10', 'Jorge Luis Borges', 'Cuentos', '4ta Edición', 'Español', '200', 'Relatos que exploran la realidad y el universo.', '5', 5, 1),
('978-950-54-7097-7', 'Rayuela', '1963-06-28', 'Julio Cortázar', 'Novela', '3ra Edición', 'Español', '736', 'Una novela experimental que invita a un juego de lectura.', '7', 7, 1);

-- --------------------------------------------------------

--
-- Stand-in structure for view `contar_libros`
-- (See below for the actual view)
--
CREATE TABLE `contar_libros` (
`nombre` varchar(92)
,`libros prestados` bigint(21)
);

-- --------------------------------------------------------

--
-- Table structure for table `lendings`
--

CREATE TABLE `lendings` (
  `id` int(11) NOT NULL,
  `user_id` int(11) NOT NULL,
  `book_id` varchar(255) NOT NULL,
  `date_out` varchar(255) NOT NULL,
  `date_return` varchar(255) DEFAULT NULL,
  `date_limit` varchar(15) NOT NULL
) ENGINE=InnoDB DEFAULT CHARSET=utf8;

--
-- Dumping data for table `lendings`
--

INSERT INTO `lendings` (`id`, `user_id`, `book_id`, `date_out`, `date_return`, `date_limit`) VALUES
(36, 1001234567, '978-607-07-3696-9', '24-05-2024', '24-11-2024', '28-11-2024'),
(37, 1020123456, '978-950-54-7097-7', '24-02-2024', '24-11-2024', '29-11-2024'),
(38, 1009012345, '978-84-663-3242-0', '24-12-2024', '24-11-2024', '30-11-2024'),
(39, 1011234567, '978-950-07-1879-1', '24-11-2024', '24-11-2024', '17-12-2025'),
(40, 1001234567, '978-607-07-3696-9', '25-11-2024', '25-11-2024', '02-11-2024'),
(51, 1001234567, '978-607-07-3696-9', '15-01-2024', '15-01-2024', '29-01-2024'),
(52, 1002345678, '978-607-31-8058-5', '20-02-2024', '20-02-2024', '05-03-2024'),
(53, 1003456789, '978-607-31-8074-5', '10-03-2024', '10-03-2024', '24-03-2024'),
(54, 1004567890, '978-84-204-8243-6', '25-04-2024', '25-04-2024', '09-05-2024'),
(55, 1005678901, '978-84-376-0494-7', '05-05-2024', '05-05-2024', '19-05-2024'),
(56, 1006789012, '978-84-663-3242-0', '12-06-2024', '12-06-2024', '26-06-2024'),
(57, 1007890123, '978-84-663-5047-9', '18-07-2024', '18-07-2024', '01-08-2024'),
(58, 1008901234, '978-84-670-3989-2', '08-08-2024', '08-08-2024', '22-08-2024'),
(59, 1009012345, '978-950-07-1879-1', '22-09-2024', '22-09-2024', '06-10-2024'),
(60, 1010123456, '978-950-54-7097-7', '10-10-2024', '10-10-2024', '24-10-2024'),
(61, 1001234567, '978-607-07-3696-9', '25-06-2024', '25-06-2024', '26-06-2024'),
(62, 1012345678, '978-607-31-8058-5', '12-12-2024', '12-12-2024', '26-12-2024'),
(63, 1013456789, '978-607-31-8074-5', '08-01-2025', '08-01-2025', '22-01-2025'),
(64, 1014567890, '978-84-204-8243-6', '14-02-2025', '14-02-2025', '28-02-2025'),
(65, 1015678901, '978-84-376-0494-7', '20-03-2025', '20-03-2025', '03-04-2025'),
(66, 1016789012, '978-84-663-3242-0', '15-04-2025', '15-04-2025', '29-04-2025'),
(67, 1017890123, '978-84-663-5047-9', '10-05-2025', '10-05-2025', '24-05-2025'),
(68, 1018901234, '978-84-670-3989-2', '25-06-2025', '25-06-2025', '09-07-2025'),
(69, 1019012345, '978-950-07-1879-1', '05-07-2025', '05-07-2025', '19-07-2025'),
(70, 1020123456, '978-950-54-7097-7', '18-08-2025', '18-08-2025', '01-09-2025'),
(71, 1021234567, '978-84-663-3242-0', '03-09-2025', '03-09-2025', '17-09-2025'),
(72, 1022345678, '978-84-663-5047-9', '20-10-2025', '20-10-2025', '03-11-2025'),
(73, 1023456789, '978-84-670-3989-2', '12-11-2025', '12-11-2025', '26-11-2025'),
(74, 1024567890, '978-950-07-1879-1', '22-12-2025', '22-12-2025', '05-01-2026'),
(75, 1025678901, '978-950-54-7097-7', '15-01-2026', '15-01-2026', '29-01-2026'),
(76, 1026789012, '978-607-07-3696-9', '05-02-2026', '05-02-2026', '19-02-2026'),
(77, 1027890123, '978-607-31-8058-5', '18-03-2026', '18-03-2026', '01-04-2026'),
(78, 1028901234, '978-607-31-8074-5', '12-04-2026', '12-04-2026', '26-04-2026'),
(79, 1029012345, '978-84-204-8243-6', '25-05-2026', '25-05-2026', '08-06-2026'),
(80, 1030123456, '978-84-376-0494-7', '10-06-2026', '10-06-2026', '24-06-2026'),
(81, 1001234567, '978-84-663-3242-0', '15-07-2026', '15-07-2026', '29-07-2026'),
(82, 1002345678, '978-84-663-5047-9', '20-08-2026', '20-08-2026', '03-09-2026'),
(83, 1003456789, '978-84-670-3989-2', '03-09-2026', '03-09-2026', '17-09-2026'),
(84, 1004567890, '978-950-07-1879-1', '12-10-2026', '12-10-2026', '26-10-2026'),
(85, 1005678901, '978-950-54-7097-7', '22-11-2026', '22-11-2026', '06-12-2026'),
(86, 1006789012, '978-84-204-8243-6', '14-12-2026', '14-12-2026', '28-12-2026'),
(87, 1007890123, '978-84-663-3242-0', '05-01-2027', '05-01-2027', '19-01-2027'),
(88, 1008901234, '978-84-663-5047-9', '18-02-2027', '18-02-2027', '04-03-2027'),
(89, 1009012345, '978-84-670-3989-2', '12-03-2027', '12-03-2027', '26-03-2027'),
(90, 1010123456, '978-950-07-1879-1', '25-04-2027', '25-04-2027', '09-05-2027'),
(91, 1011234567, '978-950-54-7097-7', '05-05-2027', '05-05-2027', '19-05-2027'),
(92, 1012345678, '978-607-31-8058-5', '10-06-2027', '10-06-2027', '24-06-2027'),
(93, 1013456789, '978-607-31-8074-5', '15-07-2027', '15-07-2027', '29-07-2027'),
(94, 1014567890, '978-84-204-8243-6', '20-08-2027', '20-08-2027', '03-09-2027'),
(95, 1015678901, '978-84-376-0494-7', '03-09-2027', '03-09-2027', '17-09-2027'),
(96, 1016789012, '978-84-663-3242-0', '12-10-2027', '12-10-2027', '26-10-2027'),
(97, 1017890123, '978-84-663-5047-9', '22-11-2027', '22-11-2027', '06-12-2027'),
(98, 1018901234, '978-84-670-3989-2', '14-12-2027', '14-12-2027', '28-12-2027'),
(99, 1019012345, '978-950-07-1879-1', '05-01-2028', '05-01-2028', '19-01-2028'),
(100, 1020123456, '978-950-54-7097-7', '18-02-2028', '18-02-2028', '04-03-2028'),
(101, 1021234567, '978-607-07-3696-9', '15-03-2028', '15-03-2028', '29-03-2028'),
(102, 1022345678, '978-607-31-8058-5', '10-04-2028', '10-04-2028', '24-04-2028'),
(103, 1023456789, '978-607-31-8074-5', '20-05-2028', '20-05-2028', '03-06-2028'),
(104, 1024567890, '978-84-204-8243-6', '05-06-2028', '05-06-2028', '19-06-2028'),
(105, 1025678901, '978-84-376-0494-7', '25-07-2028', '25-07-2028', '08-08-2028'),
(106, 1026789012, '978-84-663-3242-0', '15-08-2028', '15-08-2028', '29-08-2028'),
(107, 1027890123, '978-84-663-5047-9', '10-09-2028', '10-09-2028', '24-09-2028'),
(108, 1028901234, '978-84-670-3989-2', '20-10-2028', '20-10-2028', '03-11-2028'),
(109, 1029012345, '978-950-07-1879-1', '05-11-2028', '05-11-2028', '19-11-2028'),
(110, 1030123456, '978-950-54-7097-7', '15-12-2028', '15-12-2028', '29-12-2028'),
(111, 1001234567, '978-607-07-3696-9', '05-01-2029', '05-01-2029', '19-01-2029'),
(112, 1002345678, '978-607-31-8058-5', '18-02-2029', '18-02-2029', '04-03-2029'),
(113, 1003456789, '978-607-31-8074-5', '15-03-2029', '15-03-2029', '29-03-2029'),
(114, 1004567890, '978-84-204-8243-6', '12-04-2029', '12-04-2029', '26-04-2029'),
(115, 1005678901, '978-84-376-0494-7', '20-05-2029', '20-05-2029', '03-06-2029'),
(116, 1006789012, '978-84-663-3242-0', '05-06-2029', '05-06-2029', '19-06-2029'),
(117, 1007890123, '978-84-663-5047-9', '10-07-2029', '10-07-2029', '24-07-2029'),
(118, 1008901234, '978-84-670-3989-2', '20-08-2029', '20-08-2029', '03-09-2029'),
(119, 1009012345, '978-950-07-1879-1', '15-09-2029', '15-09-2029', '29-09-2029'),
(120, 1010123456, '978-950-54-7097-7', '10-10-2029', '10-10-2029', '24-10-2029'),
(121, 1011234567, '978-607-07-3696-9', '12-11-2029', '12-11-2029', '26-11-2029'),
(122, 1012345678, '978-607-31-8058-5', '20-12-2029', '20-12-2029', '03-01-2030'),
(123, 1013456789, '978-607-31-8074-5', '05-01-2030', '05-01-2030', '19-01-2030'),
(124, 1014567890, '978-84-204-8243-6', '18-02-2030', '18-02-2030', '04-03-2030'),
(125, 1015678901, '978-84-376-0494-7', '12-03-2030', '12-03-2030', '26-03-2030'),
(126, 1016789012, '978-84-663-3242-0', '20-04-2030', '20-04-2030', '04-05-2030'),
(127, 1017890123, '978-84-663-5047-9', '05-05-2030', '05-05-2030', '19-05-2030'),
(128, 1018901234, '978-84-670-3989-2', '15-06-2030', '15-06-2030', '29-06-2030'),
(129, 1019012345, '978-950-07-1879-1', '10-07-2030', '10-07-2030', '24-07-2030'),
(130, 1020123456, '978-950-54-7097-7', '20-08-2030', '20-08-2030', '03-09-2030');

-- --------------------------------------------------------

--
-- Table structure for table `users`
--

CREATE TABLE `users` (
  `id` int(11) NOT NULL,
  `name` varchar(30) NOT NULL,
  `last_name_p` varchar(30) NOT NULL,
  `last_name_m` varchar(30) NOT NULL,
  `domicilio` varchar(250) DEFAULT NULL,
  `tel` varchar(25) DEFAULT NULL,
  `sanctions` int(11) DEFAULT 0,
  `sanc_money` int(11) NOT NULL DEFAULT 0
) ENGINE=InnoDB DEFAULT CHARSET=utf8;

--
-- Dumping data for table `users`
--

INSERT INTO `users` (`id`, `name`, `last_name_p`, `last_name_m`, `domicilio`, `tel`, `sanctions`, `sanc_money`) VALUES
(1001234567, 'Juan', 'Pérez', 'García', 'Calle 1 #123', '3214567890', 0, 0),
(1002345678, 'María', 'López', 'Martínez', 'Calle 2 #234', '3123456789', 0, 0),
(1003456789, 'Carlos', 'Hernández', 'Jiménez', 'Calle 3 #345', '3001234567', 0, 0),
(1004567890, 'Ana', 'Gómez', 'Morales', 'Calle 4 #456', '3102345678', 0, 0),
(1005678901, 'Luis', 'Díaz', 'Ortega', 'Calle 5 #567', '3113456789', 0, 0),
(1006789012, 'Jorge', 'Rodríguez', 'Santos', 'Calle 6 #678', '3124567890', 0, 0),
(1007890123, 'Laura', 'Mendoza', 'Ríos', 'Calle 7 #789', '3135678901', 0, 0),
(1008901234, 'Sofía', 'Romero', 'Sánchez', 'Calle 8 #890', '3146789012', 0, 0),
(1009012345, 'Diego', 'Fernández', 'Ramírez', 'Calle 9 #901', '3157890123', 0, 0),
(1010123456, 'Daniela', 'Silva', 'Flores', 'Calle 10 #012', '3168901234', 0, 0),
(1011234567, 'Miguel', 'Cruz', 'Pérez', 'Calle 11 #123', '3179012345', 0, 0),
(1012345678, 'Valentina', 'Castro', 'Gómez', 'Calle 12 #234', '3180123456', 0, 0),
(1013456789, 'Santiago', 'Gutiérrez', 'Cano', 'Calle 13 #345', '3191234567', 0, 0),
(1014567890, 'Carolina', 'Ramos', 'López', 'Calle 14 #456', '3202345678', 0, 0),
(1015678901, 'David', 'Vargas', 'Jiménez', 'Calle 15 #567', '3213456789', 0, 0),
(1016789012, 'Andrea', 'Moreno', 'Salazar', 'Calle 16 #678', '3224567890', 0, 0),
(1017890123, 'Camila', 'Pardo', 'Suárez', 'Calle 17 #789', '3235678901', 0, 0),
(1018901234, 'Andrés', 'Fuentes', 'Ríos', 'Calle 18 #890', '3246789012', 0, 0),
(1019012345, 'Natalia', 'Peña', 'Molina', 'Calle 19 #901', '3257890123', 0, 0),
(1020123456, 'Manuel', 'Ríos', 'Vega', 'Calle 20 #012', '3268901234', 0, 0),
(1021234567, 'Paola', 'Vargas', 'Rojas', 'Calle 21 #123', '3279012345', 0, 0),
(1022345678, 'Felipe', 'García', 'Reyes', 'Calle 22 #234', '3280123456', 0, 0),
(1023456789, 'Marta', 'Ramírez', 'Aguilar', 'Calle 23 #345', '3291234567', 0, 0),
(1024567890, 'Sergio', 'Torres', 'Pineda', 'Calle 24 #456', '3302345678', 0, 0),
(1025678901, 'Raúl', 'Romero', 'González', 'Calle 25 #567', '3313456789', 0, 0),
(1026789012, 'Lucía', 'Muñoz', 'Álvarez', 'Calle 26 #678', '3324567890', 0, 0),
(1027890123, 'Pedro', 'Santos', 'Montoya', 'Calle 27 #789', '3335678901', 0, 0),
(1028901234, 'Juliana', 'Suárez', 'Nieto', 'Calle 28 #890', '3346789012', 0, 0),
(1029012345, 'Nicolás', 'Rojas', 'Castillo', 'Calle 29 #901', '3357890123', 0, 0),
(1030123456, 'Isabella', 'Ruiz', 'Moreno', 'Calle 30 #012', '3368901234', 0, 0);

-- --------------------------------------------------------

--
-- Table structure for table `usuarios`
--

CREATE TABLE `usuarios` (
  `id` int(11) NOT NULL,
  `username` varchar(50) NOT NULL,
  `password` varchar(255) NOT NULL
) ENGINE=InnoDB DEFAULT CHARSET=utf8mb4;

--
-- Dumping data for table `usuarios`
--

INSERT INTO `usuarios` (`id`, `username`, `password`) VALUES
(2, '1', '1');

-- --------------------------------------------------------

--
-- Structure for view `contar_libros`
--
DROP TABLE IF EXISTS `contar_libros`;

CREATE ALGORITHM=UNDEFINED DEFINER=`root`@`localhost` SQL SECURITY DEFINER VIEW `contar_libros`  AS SELECT concat(`u`.`name`,' ',`u`.`last_name_p`,' ',`u`.`last_name_m`) AS `nombre`, count(`u`.`name`) AS `libros prestados` FROM ((`lendings` `l` join `books` `b` on(`l`.`book_id` = `b`.`id`)) join `users` `u` on(`l`.`user_id` = `u`.`id`)) GROUP BY `u`.`name``name`  ;

--
-- Indexes for dumped tables
--

--
-- Indexes for table `books`
--
ALTER TABLE `books`
  ADD PRIMARY KEY (`id`);

--
-- Indexes for table `lendings`
--
ALTER TABLE `lendings`
  ADD PRIMARY KEY (`id`);

--
-- Indexes for table `users`
--
ALTER TABLE `users`
  ADD PRIMARY KEY (`id`);

--
-- Indexes for table `usuarios`
--
ALTER TABLE `usuarios`
  ADD PRIMARY KEY (`id`);

--
-- AUTO_INCREMENT for dumped tables
--

--
-- AUTO_INCREMENT for table `lendings`
--
ALTER TABLE `lendings`
  MODIFY `id` int(11) NOT NULL AUTO_INCREMENT, AUTO_INCREMENT=131;

--
-- AUTO_INCREMENT for table `users`
--
ALTER TABLE `users`
  MODIFY `id` int(11) NOT NULL AUTO_INCREMENT, AUTO_INCREMENT=2147483648;

--
-- AUTO_INCREMENT for table `usuarios`
--
ALTER TABLE `usuarios`
  MODIFY `id` int(11) NOT NULL AUTO_INCREMENT, AUTO_INCREMENT=3;
COMMIT;

/*!40101 SET CHARACTER_SET_CLIENT=@OLD_CHARACTER_SET_CLIENT */;
/*!40101 SET CHARACTER_SET_RESULTS=@OLD_CHARACTER_SET_RESULTS */;
/*!40101 SET COLLATION_CONNECTION=@OLD_COLLATION_CONNECTION */;
